tweet_text,created_at,n_words,party
I think @HumaAbedin should be ashamed that she didn't stand by her pervert husband like @HillaryClinton did. #StrongWomen,2016-08-30 14:41:22,6,Dem
@HillaryClinton @Comeridethwhale so are you! trump &amp; your stupid ass are different sides of the same coin,2016-08-30 14:41:28,7,Dem
"@BrinckJeff @POTUS @BarackObama What money is Obama using to bring refugees here ??? How much ??? PROVIDE EVIDENCE, PROOF and TRUTH !!!",2016-08-30 14:41:31,10,Dem
"August most violent month in Chicago in nearly 20 years 

@potus @LorettaLynch @HillaryClinton All Silent....

https://t.co/gKQM6DTnmh",2016-08-30 14:41:32,8,Dem
@HillaryClinton https://t.co/pgck0ifrzC atleast @realDonaldTrump doesn't hide like a coward with a guilty conscience,2016-08-30 14:41:33,6,Dem
"Working people: @HillaryClinton, not @realDonaldTrump, is the clear choice for president: https://t.co/ToMsaHGJ4f via @AFLCIO #p2 #1uvote",2016-08-30 14:41:33,7,Dem
"@FoxNews no, @JohnKerry the media needs 2 stop covering u &amp; ur inane comments. 1st @HillaryClinton &amp; now u, difficult 2 decide which 1 worse",2016-08-30 14:41:34,18,Dem
#NYTimes getting a quote from #Trump on how #Weiner divorce is impacting #HillaryClinton presidency shows their paper is now a tabloid,2016-08-30 14:41:36,8,Dem
@BarackObama has no problem saying that police are the problem but can't even muster the courage to say radical islam. Pathetic leader,2016-08-30 14:41:37,13,Dem
@Deathc0de @JamesPMorrison @HillaryClinton sure he was! @BernieSanders filed as a conscientious objector @billclinton nevr did played system,2016-08-30 14:41:37,7,Dem
@craigmelvin Is it a crime now for @HillaryClinton to raise money for her campaign and Democrat party? Check connection on #Trump &amp; Russia!,2016-08-30 14:41:37,10,Dem
@Reince @HillaryClinton SO why do YOU care? Keep your FLIP FLOPPER on message! and stop worrying about Hillary I get it your man is loosing,2016-08-30 14:41:38,11,Dem
"@sarahleahwolfe @finkd @MSNBC @HillaryClinton Well, she had him in the barricaded apartment while shooting at cops. Mother of the year.",2016-08-30 14:41:40,7,Dem
Won't help her really. If @SenSanders begged me personally to vote 4 her I would say we need a total system reboot https://t.co/FWyIQXSazI,2016-08-30 14:41:41,12,Nothing
.@HillaryClinton We need federal laws for severe animal abuse &amp; it should be a felony. https://t.co/NL3Hbo6wIE ‚Ä¶ https://t.co/646dcvIm3y,2016-08-30 14:41:41,8,Dem
Example of one of (many) reasons Portman continues to lead Strickland by healthy margin. https://t.co/s5U4hP3mmp,2016-08-30 14:41:42,10,Nothing
@realDonaldTrump see even he saying the media and journalist lie about shit and it true https://t.co/HhO5Dh4ujW,2017-02-17 08:46:52,8,Rep
"@ChicagoMGD @realDonaldTrump 
Haha he lives in a world where if he's accusing someone of something sure as shit HE'S guilty of it",2017-02-17 08:48:36,9,Rep
"Accidentally stumbled upon a 'popping' vid, the stuff coming out of the pimple was more articulate than @realDonaldTrump was today",2017-02-17 08:48:53,10,Rep
@realDonaldTrump I hope your tax plan roll out is a plan to roll out your tax returns. Oh burn! Like your face looks burned w bad orange,2017-02-17 08:49:05,17,Rep
@realDonaldTrump where is your psych evaluation?  You need serious professional help #mentalillness,2017-02-17 11:51:36,6,Rep
@realDonaldTrump that's the point you're at? Rush Limbaugh? Tick tock..,2017-02-17 11:51:38,5,Rep
@realDonaldTrump Listening to Rush and @foxandfriends is not going to let you get feel of the % of America that did‚Ä¶ https://t.co/Sm8z2qskXt,2017-02-17 11:51:50,8,Rep
@realDonaldTrump Thank you for all the nice statements on the B-H Conference yesterday. Boba said one of the best ever! Fake B-Hs not happy!,2017-02-17 11:51:59,17,Rep
@peddoc63 @realDonaldTrump enjoy reading your tweets very smart and informativeüòÑüá∫üá∏,2017-02-17 11:52:00,5,Rep
@Channel4News @BBCNewsnight are not happy. Why are UK public broadcasters so obsessed with someone else's President‚Ä¶ https://t.co/I91gpoL9Pf,2017-02-17 11:52:07,9,Nothing
@VicenteFoxQue @realDonaldTrump ü¶ä=üê∑ part of the mess is all of üá≤üáΩ criminals that üá≤üáΩ won't take back you are a drug cartel puppet BIG MOUTH,2017-02-17 11:52:24,10,Rep
We don't see or feel any tiny change since Trump over took except crisis on passengers. Just talk. Americans expect‚Ä¶ https://t.co/SePupzG0VA,2017-02-17 11:52:29,13,Rep
@realdonaldtrump Please mr president remember my people (biafrans) who are in bondage,2017-02-17 11:52:31,7,Nothing
".@realDonaldTrump What are you replacing it with, Donny-boy, hmmm? Do you even have a fucking clue you festering scrotal cyst?",2017-02-17 11:52:34,10,Rep
@IngrahamAngle @Morning_Joe @realDonaldTrump That's because they are part of the Tabloid News media. Fake news at it's best.,2017-02-17 11:52:47,7,Rep
"@realDonaldTrump President Trump gave the media a smack down, watch it 5 times it was so funny how he treated them like kids",2017-02-17 11:52:59,12,Rep
"The fact that Rush said it tho, makes me nervous https://t.co/m67gLTeD1o",2017-02-17 11:53:07,6,Nothing
"@realDonaldTrump it's sad , vicious cycle , we badly need peace",2017-02-17 11:53:19,6,Rep
@pastormarkburns @HillaryClinton nevermind that hillary has decades of work helping the african american community,2016-08-30 14:41:43,8,Dem
@bilalabaloch @realDonaldTrump gravity is real but Newtons articulation of it was fake!,2017-02-17 08:47:17,5,Rep
"@realDonaldTrump PATHETIC! SEND YOUR KIDS TO LIVE &amp; SURVIVE IN A COAL MINE! WHAT A JERK,YOU ARE NUTS!",2017-02-17 08:47:45,10,Rep
@TheSciBabe @realDonaldTrump &amp; congress is not letting go.. they want to get to the truth.,2017-02-17 08:48:32,8,Rep
"@POTUS @realDonaldTrump You are getting played like a skin flute at Ron Jeremy's sex club by Pootin, Ban-non, and your other cons.",2017-02-17 08:48:37,13,Rep
@CNNMoney @realDonaldTrump maybe if you would tell the truth he wouldn't have to fight you and criticize you. #thetrumpstersseewhatsgoingon,2017-02-17 08:48:54,6,Rep
@williamlegate @realDonaldTrump I'd take Nixon back instead of this circus. Gladly!,2017-02-17 08:49:06,6,Rep
"@realDonaldTrump Rush is a loud mouth looney. You give #AlternativeFacts and are a hypocrite.  Sad, very sad.",2017-02-17 11:51:38,8,Rep
"@realDonaldTrump This will be your Viet Nam. Many will die, nothing will be achieved, all will blame you. I am on ACA. You are a bad man.",2017-02-17 11:51:43,10,Rep
"You are a joke, an embarrassment, and so is @gatewaypundit Securing press credentials from @realDonaldTrump proves‚Ä¶ https://t.co/tiBb97mE9l",2017-02-17 11:51:47,6,Rep
@realDonaldTrump It was so great. Especially when you compared your administration to a fine-tuned machine! https://t.co/7MMZM8XqNw,2017-02-17 11:51:57,7,Rep
@Stonewall_77 @drscott_atlanta @CarmineZozzora @bfraser747 @realDonaldTrump Thank God we have a President now who cares! Ths 4 ur sacrafice!,2017-02-17 11:51:58,8,Rep
Well gosh if Rush said it was great... https://t.co/vlz436YLqb,2017-02-17 11:52:01,5,Nothing
@realDonaldTrump @FoxNews Poll: Trump's approval rating at 39 percent üòÆüëèüëèü§£,2017-02-17 11:52:09,6,Rep
@Hyp0criteSlayer @realDonaldTrump and actually their headquarters is in Chicago regardless I don't have time for yo‚Ä¶ https://t.co/g58UORfv8K,2017-02-17 11:52:15,6,Rep
@realDonaldTrump foxnews wasn't happy either! Best show i've ever watched,2017-02-17 11:52:17,7,Rep
"@realDonaldTrump The people have voted, not the media. Remain STRONG! #MakeAmericaGreatAgain",2017-02-17 11:52:22,6,Rep
@dapperlaughs @Chris194227 @realDonaldTrump oh really..london huh...then why in the F@$k are u commenting on OUR PRESIDENT?,2017-02-17 11:52:26,8,Rep
@realDonaldTrump Press conference was a discombobulated mess! You are an inept leader who is putting our country in‚Ä¶ https://t.co/xGjdz2ipBI,2017-02-17 11:52:30,8,Rep
@realDonaldTrump STOP TRYING TO DISTRACT EVERYONE FROM YOUR SMALL HANDS,2017-02-17 11:52:31,6,Rep
"@realDonaldTrump When over really well, like a fine tune machine. FAILED NEWS. https://t.co/yYVuz6xcQS",2017-02-17 11:52:50,8,Rep
"@tonyposnanski @realDonaldTrump 
Don't kid yourself.Most of America LOVES watching the arrogant elitist Leftist hack press get bitch slapped",2017-02-17 11:52:55,12,Rep
@realDonaldTrump what this leftist  @RupertMyers means is that it wasn't fun watching you mop the floor with his fav. Liberal reporter.,2017-02-17 11:52:59,9,Rep
@morriscat63 @Reflog_18 @BriMAnderson @realDonaldTrump he has acted like an ass for the last month and bungled all kinds of shit,2017-02-17 08:47:10,8,Rep
Does anyone believe that this destabilizing shit show would be happening if @HillaryClinton had been elected? Anyone at all? #resistance,2017-02-17 08:48:11,9,Dem
Are Democrats &amp; Media Making Up A Russian Love Story Because They Lost The Election? @POTUS @usacsmret @jr7jc  https://t.co/csotgIB9sV,2017-02-17 08:48:21,9,Nothing
"In a way, @DrewGriffinCNN's report could be seen as a conduit from @DHSgov to @realDonaldTrump. A policy memo but without the dull language.",2017-02-17 08:48:27,10,Rep
@realDonaldTrump does not know the first thing about anything if he is smart then I am Einstein and my IQ IS only 1‚Ä¶ https://t.co/Xatmk4OcpX,2017-02-17 08:49:02,9,Rep
@williamlegate @realDonaldTrump you mean like having 4 American killed &amp; lie &amp; losing 6billion at state dept? U r dumbed down as HRC said!,2017-02-17 08:49:35,17,Rep
"So now Rush is real news, everyone else is ""fake media"" GET HIM OUT NOW! @GOP https://t.co/IvQEhAhDrO",2017-02-17 11:51:39,8,Nothing
"What. A. Loser. @realDonaldTrump 
I like the fascists who DONT withdraw their orders.
#MAGA https://t.co/4zKDhGnOGB",2017-02-17 11:51:41,6,Rep
@realDonaldTrump that's my home. Wish I could meet you. Safe travels!,2017-02-17 11:51:51,6,Rep
@9thCircuitCourt  SHUT DOWN THE COURT 86% overturned  They are not doing their jobs!! WASTE OF TAX $$$$‚Ä¶ https://t.co/waLxmRLJE7,2017-02-17 11:52:12,8,Nothing
@IngrahamAngle @Morning_Joe @realDonaldTrump The Media and the left will ride this to the end; We  have to make sure they don't take us too.,2017-02-17 11:52:15,8,Rep
"Trump lie #20,000. Truth- You have no plan for replacement.Even Trumpets want ACA which is Obamacare. Dance,‚Ä¶ https://t.co/2s0pRWsOJt",2017-02-17 11:52:20,11,Dem
"@realDonaldTrump, you must have been watching the Russian media this morning.  Not what I'm hearing. https://t.co/Luxczgn6e5",2017-02-17 11:52:23,7,Rep
@patrioticsap @Million774 @realDonaldTrump I have and I do. I know lies when I hear them. I'm not a democrat.,2017-02-17 11:52:29,5,Rep
Will @realDonaldTrump fire the staff member who gave him #fakenews on his electoral college numbers? #maga #draintheswamp,2017-02-17 11:52:35,7,Rep
"@realDonaldTrump Got to see part of it during my lunch break, and absolutely loved it.",2017-02-17 11:52:48,7,Rep
...said one con man to another. https://t.co/GDhhu40zr2,2017-02-17 11:52:59,5,Nothing
@realDonaldTrump the media is strengthening your base They don't get it They're not hurting you they're helping you https://t.co/tx8CqoFwEr,2017-02-17 11:53:08,7,Rep
@bradyboy09 Not at all! Limbaugh has been shit-washing the right-wing's brain since 1980. @rolandscahill @realDonaldTrump,2017-02-17 11:53:15,9,Rep
@realDonaldTrump Press Conf was awesome!  Thank you Mr. President for standing up for us!  And We the People have your back!,2017-02-17 11:53:19,10,Rep
@realDonaldTrump they never are keep heat on go TRUMP,2017-02-17 11:53:36,5,Rep
@Nikluk @MollyBrown28 @upayr @TheDemocrats I'm assuming your remarks are in reference to @HillaryClinton the Elitist Criminal,2016-08-30 14:41:44,5,Dem
I want the wall on the border with Germany similar to one president @realDonaldTrump plans to build between USA and‚Ä¶ https://t.co/nH0BvDmLII,2017-02-17 08:46:53,10,Rep
"@realDonaldTrump or transportation of intoxicating liquors within, the importation thereof into,",2017-02-17 08:47:13,6,Rep
@FoxNewsInsider @seanhannity @realDonaldTrump we must recognize that Jim @Acosta was becoming the right CNN guy to deal with Donald,2017-02-17 08:47:27,9,Rep
"@JehsinR @TIME @realDonaldTrump  or you're smart enough to not buy it, but sell it anyway",2017-02-17 08:48:55,6,Rep
"@realDonaldTrump 

It was awesome!

Strong leadership!

Keeping you &amp; your administration in my prayers.",2017-02-17 11:51:39,7,Rep
@realDonaldTrump LOL SOMEONE BLOCKED ME FOR 10 HOURS FOR CALLED A GUY AN IDIOT LOL,2017-02-17 11:51:48,9,Rep
"@DTrumpExposed @realDonaldTrump lol, wow great detailed response.",2017-02-17 11:51:55,5,Rep
Brace yourselves - incoming Friday tweetstorm from the #SoCalledPOTUS  Wasn't yesterday's unhinged presser enough f‚Ä¶ https://t.co/d5Jlkhxf2O,2017-02-17 11:52:03,9,Nothing
"@realDonaldTrump  is wasting his time criticizing media. - Australian PM. The sooner @POTUS understands the better
 https://t.co/mTQcLICE1r",2017-02-17 11:52:17,9,Rep
@IngrahamAngle @Morning_Joe @realDonaldTrump Sounds like Joe needs to be put in a strait-jacket! Just sayingüòè,2017-02-17 11:52:29,8,Rep
@MatthewDicks @realDonaldTrump every Facebook posts and comment I saw  yesterday was extremely positive.,2017-02-17 11:52:39,8,Rep
@realDonaldTrump God bless you Mr. President. You are doing an amazing job. Much love to you and your beautiful family.,2017-02-17 11:52:41,10,Rep
@realDonaldTrump it was one of the best with more smacking down of the dishonest media to come. #Enjoyingmyself #fuckoffliberals #Winning,2017-02-17 11:52:56,6,Rep
This buffoon is on another planet. @VicenteFoxQue &amp; Mexico knows you are FAKE!!! https://t.co/lqJ5jm4xvg,2017-02-17 11:53:03,7,Nothing
@realdonaldtrump Best press conference I've seen in my life time. We need more politicians like Donald Trump.,2017-02-17 11:53:09,11,Rep
@butchparnell @realDonaldTrump Enough already! Time to back our President to help do what is best for the people.#takeyourmeds,2017-02-17 11:53:12,8,Rep
"@realDonaldTrump Gross display of hubris &amp; bully tactics, combined with ignorance, lack of humility &amp; terrifying access to nuclear weapons.",2017-02-17 11:53:14,15,Rep
@realDonaldTrump Still waiting for presidential behavior and released tax returns Broken promises!,2017-02-17 11:53:18,9,Rep
@realDonaldTrump the media is it's not all fake you're a hundred percent liar though,2017-02-17 11:53:27,7,Rep
@JonStewartHBO @PeterofArabia @realDonaldTrump I read this tweet and thought it was brilliant! Pleasantly surprised to see the author!,2017-02-17 11:53:31,8,Rep
"@trumpanov @Reince @HillaryClinton 
You mean the tax returns that no-one gives a fuck about? https://t.co/I4uzvhUJBb",2016-08-30 14:41:43,6,Dem
@PearceMelodies @realDonaldTrump the whole world has been laughing at him but this is not longer funny. He is a real danger to the world..,2017-02-17 08:47:51,9,Rep
@Everso1Clarence @alexgibneyfilm @realDonaldTrump I like how you assume we are democrats. LMAO. Not!,2017-02-17 08:49:40,5,Rep
"Just feel we're so lucky to pay nothing for medicines in #Wales &amp; relatively little in #England.
But what a way to‚Ä¶ https://t.co/w4aBKTfU3e",2017-02-17 08:49:44,9,Nothing
@realDonaldTrump the only thing trump gets from price are stock tips. You just sealed your fate for not having a replacement for ACA,2017-02-17 11:52:05,11,Rep
@realDonaldTrump Keep fight 4 the truth &amp; 4 Us &amp; WE will call R Reps &amp; tell them back U or They will B OUT,2017-02-17 11:52:20,16,Rep
@JoeWeberIII @BrandonTXNeely @realDonaldTrump Fake news is your defence? Lol. Seems legit,2017-02-17 11:52:37,6,Rep
@realDonaldTrump oh you pathetic sad little snowflake. That performance sealed your impeachment,2017-02-17 11:52:38,8,Rep
@realDonaldTrump Once you release your taxes we will know how sincere you are about helping working-class Americans.,2017-02-17 11:52:53,8,Rep
@RupertMyers @realDonaldTrump When you come out for air..we'll break the news easy to ya..TRUMP WON!!!  YEAH!!,2017-02-17 11:53:10,8,Rep
@realDonaldTrump You were great yesterday!!!!   I am totally with you!  Don't let the bastards get you down!  MAGA!!!,2017-02-17 11:53:14,7,Rep
"@realDonaldTrump @nytimes Donal Trump stars in ""Titanic."" ""We've got to stop these low life leakers before there's a bigger leak!""",2017-02-17 11:53:20,11,Rep
@realDonaldTrump no they are not but that's OK... Stick to your agenda and ignore them,2017-02-17 11:53:24,5,Rep
"@realDonaldTrump you speak like a grade schooler, you're an embarrassment to America #dumbass",2017-02-17 11:53:26,6,Rep
"@realDonaldTrump Don, you do not have to be liked. Only Kennedy was liked and YOU ARE NOTHING LIKE KENNEDY! Rush is‚Ä¶ https://t.co/dKeRHFMGQE",2017-02-17 11:53:29,8,Rep
@RuwaydaMustafah @realDonaldTrump #FAKENEWS HE HAD FAMILY COMMITTMENT BUT THANKS FOR UR OPINION. DO U SIT DOWN TO PEE,2017-02-17 11:53:46,8,Rep
"@realDonaldTrump Rational, mentally healthy people are not happy.",2017-02-17 11:53:47,6,Rep
@realDonaldTrump even Shep Smith thought you were WRONG yesterday- @FoxNews you live in a fantasy world and distort the truth. Shame on you,2017-02-17 11:53:51,12,Rep
@Reince Take care of your dislike disfuncional candidate. @HillaryClinton is doing fine thank you. #ManyPeopleAreSaying you are losing.,2016-08-30 14:41:44,8,Dem
@POTUS @realDonaldTrump Put a common man with uncommon intelligence in for Flynn! Choose me for National Security Advisor. I will amaze!,2017-02-17 08:46:54,11,Rep
Careful what you tweet. It can sometimes be prophetic https://t.co/luLhyuHYKC,2017-02-17 08:47:27,5,Nothing
"@realDonaldTrump You are a grossly obese, unhealthy old man - mentally and physically.  Get your shit together man.",2017-02-17 08:48:00,11,Rep
"@realDonaldTrump Ok short bus, like the Muslin ban WONT HAPPEN. No 1 is actually taking u serious at this point. They're trying 2 get u out.",2017-02-17 11:51:41,18,Rep
@realDonaldTrump He clearly lives in his breitbart / Jones parallel world,2017-02-17 11:51:52,6,Rep
@realDonaldTrump and 20 million Americans are terrified of losing their access to healthcare.,2017-02-17 11:51:53,7,Rep
"@JoyAnnReid @SMShow @maddow @realDonaldTrump 
So stopping the TPP ‚úî
Increased Market confidence ‚úî
keeping campaign promises check",2017-02-17 11:52:01,9,Rep
@DELTA_PUGS @OfficialSPGB @realDonaldTrump Read up on history &amp; current events and you'll realize that #autocracy &amp; #idiocracy are garbage.,2017-02-17 11:52:03,8,Rep
@realDonaldTrump fake President.  You're an ass.  Get mental help,2017-02-17 11:52:11,6,Rep
"@realDonaldTrump That's why I voted for you, not to just shake things up but to shake the HELL out of it! 
LLTR!",2017-02-17 11:52:15,7,Rep
"@muneebur481 @RuwaydaMustafah @realDonaldTrump Let us be honest my dear, Muslims attacked Non-Muslim countries B 4 even USA was created",2017-02-17 11:52:31,14,Rep
"@mikd33 @realDonaldTrump cute pic but media filled with partisan opinions, hate &amp;vitriol. can't fool the people, we see OURSELVES&amp;HATE MSM",2017-02-17 11:52:36,16,Rep
"Small minded, small hands, small crowd sizes. @realDonaldTrump",2017-02-17 11:52:46,7,Rep
"@realDonaldTrump - nothing you said made sense, you couldn't answer a question with a straight answer.",2017-02-17 11:52:49,8,Rep
"Good job yesterday Mr. President,  keep sticking it to those media reprobates!!!! https://t.co/iebexqkSUy",2017-02-17 11:52:55,9,Nothing
@Mikel_Jollett But Saudi Arabia financing @HillaryClinton's campaign is ok? What about her daughter having a $3 million wedding? #LockHerUp,2017-02-17 11:53:01,9,Dem
SA Breaking News (@SABreakingNews) | @realDonaldTrump wages war with media. https://t.co/BZ76bO0eby¬† @POTUS‚Ä¶ https://t.co/FvzuOSDJdA,2017-02-17 11:53:27,6,Rep
"@postdiscipline @davidaxelrod @realDonaldTrump actually believed promises. Polling shows those gaps falling away, leaving rabid base only.",2017-02-17 11:53:28,11,Rep
@realDonaldTrump I wouldn't boast about compliments from Rush Limbaugh. Hes a pill popping lunatic with the credibility of Pinocchio.,2017-02-17 11:53:30,10,Rep
"@ehartman1975  You're able to sleep at night??? Oh, how I envy you .... @HillaryClinton",2017-02-17 11:53:38,5,Dem
What I actually hear every time @realDonaldTrump opens his mouth... https://t.co/TY4d6IvMyT via @youtube,2017-02-17 11:53:49,7,Rep
@realpoliticin @gcamp4 @HillaryClinton @jaketapper   GLAD TO SEE A MILLENNIAL SPEAK OUT üì¢üì¢ GOOD ON U!TY,2016-08-30 14:41:44,7,Dem
"@CFBNerd76 @realDonaldTrump @KellyAnnPolls  It will get worse before it gets better, but you can join the resistance. Fight for truth.",2017-02-17 08:47:43,9,Rep
"@MitchCumsteen1 @handimanner Wow Mitch, I gotta tell ya, @realDonaldTrump grateful to you. That said, stop being a low-life leaker. Terrible",2017-02-17 08:48:44,12,Rep
"@southerntalker @SenateGOP @SenateDems @HouseDemocrats @HouseGOP @HillaryClinton you see, even the devil has no pull. JESUS IS IN CONTROL",2017-02-17 08:49:04,6,Dem
@realDonaldTrump you won 57.25% of the electoral college vote. Only George W. Bush (53.26% &amp; 59.47%) has less than you down to Jimmy Carter,2017-02-17 11:51:42,16,Rep
"@realDonaldTrump Only one not happy is u, cuz 200mil are onto your scheme. U r not popular, u r failing miserably,‚Ä¶ https://t.co/njixcGdlVv",2017-02-17 11:51:47,16,Rep
"@realDonaldTrump What a ridiculous dupe you are! Mess Conference was a rare display of insanity, ignorance and outright lies. Frightening!",2017-02-17 11:52:11,11,Rep
@baalter @tamaraleighllc @realDonaldTrump Totally unacceptable. DC has no concept of budgets or actually working a 40 work week.,2017-02-17 11:52:16,10,Rep
@realDonaldTrump TV gold Mr President.  keep up the good work.,2017-02-17 11:52:17,7,Rep
@realDonaldTrump best ever for sure. Amazing success.,2017-02-17 11:52:38,5,Rep
@IngrahamAngle @Morning_Joe @realDonaldTrump Laura Morning Morons while never get it they actually think Mika is a political commentator,2017-02-17 11:52:42,10,Rep
"Sir, please stop making America pay for your ridiculous expenses. We can't afford you.  @realDonaldTrump https://t.co/PXeZVHWs0K",2017-02-17 11:52:55,10,Rep
@realDonaldTrump thank God you're not teaching high school science and only leading the free world #uranium,2017-02-17 11:53:08,10,Rep
"@tonyposnanski @joburr4 @realDonaldTrump you should have been here 9-10 yrs ago, you can't help that you weren't born yet",2017-02-17 11:53:30,8,Rep
@Mike_P_Williams @realDonaldTrump he is making all those propagandist's heads pop...like a zit,2017-02-17 11:53:31,6,Rep
"""I see many untruthful things"" umm @realDonaldTrump are you 12 like you're not meant to care",2017-02-17 11:53:40,10,Rep
@butchparnell @realDonaldTrump @YouTube .....just untrue. Liberal media Obama and OFA trying to destroy this country. Is that what you want?,2017-02-17 11:53:51,9,Dem
"@realDonaldTrump do you know any other word except ""Fake media""?",2017-02-17 11:54:04,5,Rep
Coming Thursday's its 'Eat The Press' with @realDonaldTrump sorry for little Chuckie Todd-Ler and his childish fiends- cant wait 4 round 2,2017-02-17 11:54:08,16,Rep
#President @realDonaldTrump's first 12 days have been too radical to handle (part I) @BlastingNews‚Ä¶ https://t.co/EMrbuy29g7,2017-02-17 08:46:56,6,Rep
"TAKE THE SURVEY! But ignore the begging for donations at the end. @realDonaldTrump can't afford to fight the ""unfai‚Ä¶ https://t.co/Oy7UOr66Qr",2017-02-17 08:48:51,10,Rep
@JonAguiar @realDonaldTrump waaaaaa.. liberals still hurting.  Grow up.,2017-02-17 11:51:43,5,Rep
@realDonaldTrump nice statements?Never knew there were any nice statements.When I see videos onFacebook of it's nothin but negative feedback,2017-02-17 11:51:49,12,Rep
@realDonaldTrump Good !  They should be ashamed of themselves.   We are sick of them trating you this way.  Very fake news.  Haha !Love it !,2017-02-17 11:51:51,9,Rep
@realDonaldTrump omg... Snow flakes dont have a clue evidenced by their comments.  How stupid can stupid get? Ya know ya can't fix stupid.,2017-02-17 11:51:58,17,Rep
@realDonaldTrump I've heard that you have not made the transition from campaigner to president,2017-02-17 11:52:09,6,Rep
FAKE NEWS I TELL YA LOL! https://t.co/Wyex3K3qdz,2017-02-17 11:52:10,5,Nothing
@realDonaldTrump You did great. It's about time the press got what they deserved. I wonder if most of them are still on Soros' payroll.,2017-02-17 11:52:14,9,Rep
@realDonaldTrump smart idea to try and turn ur supporters against the Media.So what ever fucked up shit you do next no one would believe ryt,2017-02-17 11:52:15,15,Rep
"Hey @realDonaldTrump, the illegitimate &amp; unhinged president, you're getting hammered by @Morning_Joe &amp; that the one you called crazy -Ironic",2017-02-17 11:52:23,12,Rep
"@realDonaldTrump So much for your waterways. How short-sighted and backwards you are!  Coal is old, dirty technology",2017-02-17 11:52:45,9,Rep
Lol oh well if rush liked it... https://t.co/NZQwQR2pgR,2017-02-17 11:52:49,5,Nothing
@patrioticsap @realDonaldTrump would love to continue but I can't.  Enjoyed the back and forth though.,2017-02-17 11:53:02,8,Rep
@IngrahamAngle @Morning_Joe @realDonaldTrump Here is problem. World doesn't hear #Trump way lower middle class US whites did.,2017-02-17 11:53:08,9,Rep
@mikd33 @realDonaldTrump hahahahahaha dumbass how long did it take you to come up with that stupid shit childish,2017-02-17 11:53:26,8,Rep
"@thehill @realDonaldTrump @POTUS who the fuck gives classified info to the media. Trump,you must get this SOBS who leaked the information.",2017-02-17 11:53:29,11,Rep
I tried to listen to him the other day and the stupidity had me shaking my head said @POTUS didn't have to follow j‚Ä¶ https://t.co/VNMRT2JRLg,2017-02-17 11:53:32,9,Nothing
@realDonaldTrump President Trump your reaching outto t/ Black Caucus is appreciated Cont addressing Black community wn possible it matters.,2017-02-17 11:53:36,14,Rep
Rush said they were like confused cats being toyed with by @POTUS and his magical laser light. Agree. https://t.co/xV9yQEaAT4,2017-02-17 11:53:42,10,Nothing
@realDonaldTrump Facts on the Pollution caused by the US Coal Industry https://t.co/owPTrtRpEb,2017-02-17 11:53:46,6,Rep
"Corrupt oligarchs like @HillaryClinton &amp; @POTUS @BarackObama don't care about you, even if you're black or female!! https://t.co/jlsXWB17Zs",2016-08-30 14:41:45,8,Dem
"This is really the President of the United States? Are we sure an 10 year old boy isn't at the controls?
https://t.co/bOzBJkWoOa",2017-02-17 08:46:57,10,Nothing
@realDonaldTrump Nobody except you cares about the election anymore. The campaign is over. Do the job you were hired for.,2017-02-17 08:48:12,8,Rep
@realDonaldTrump 1.Cheat 2.fraud 3.liar 4. crook 5.Woman abuser 6. CRAZY  @POTUS https://t.co/UOXS7wLtqq,2017-02-17 08:48:28,13,Rep
üíØüíØüíØ! Some of us were not asleep when warmongering Hillary threatened to take Russia on during her campaign. WW3 ave‚Ä¶ https://t.co/eFBtfKSawK,2017-02-17 08:48:44,11,Nothing
@realDonaldTrump As satire goes it was simply marvellous. You should give up your day job &amp; get your own show. Please. #TrumpPressConference,2017-02-17 11:52:03,11,Rep
"@realdonaldtrump  Woo........Hoo..........Woo.......Hoo......Woo......Hoo....
lol......",2017-02-17 11:52:08,7,Nothing
"@realDonaldTrump 46th out of the 58 largest electoral college wins.  Just letting you know...your win, was literally in the 79th percentile.",2017-02-17 11:52:27,12,Rep
"@RJSzczerba @LoriWest2 @realDonaldTrump Trumpcare is GOP Genocide. Help millionaire doctors, billion dollar drug/hospital corps STEAL EVERY",2017-02-17 11:52:35,13,Rep
@realDonaldTrump You put the Democrat fanboys and fangirls on notice. https://t.co/gNFfpnZMki,2017-02-17 11:52:54,5,Rep
@realDonaldTrump you make up stuff all the time and don't admit it. Stop destroying the environment for kick backs.,2017-02-17 11:53:22,9,Rep
"@realDonaldTrump Real news, fake president. You are an embarrassment to the USA and to all Americans.",2017-02-17 11:53:28,7,Rep
"@mikd33 @realDonaldTrump there's one missing, YOU! Smh we see what educates you",2017-02-17 11:53:36,5,Rep
@realDonaldTrump Rush Limbaugh IS fake media.  Lap dog to the #ChaosPOTUS,2017-02-17 11:53:45,6,Rep
@realDonaldTrump it was nice to see a Republican stick it too them . Good Job,2017-02-17 11:53:55,6,Rep
@FoxNews @AriFleischer @realDonaldTrump keep believing your fake polls. Trump will keep winning!,2017-02-17 11:54:07,7,Rep
"@realDonaldTrump  You know those media
Poofters won't stop but we're not listening
anyway.",2017-02-17 11:54:08,7,Rep
@Stuartyoung001 @realDonaldTrump that's because his words then can't be manipulated to fit their agenda.,2017-02-17 11:54:21,5,Rep
@POTUS @realDonaldTrump I could do a better job at being President. Admit it.,2017-02-17 08:46:59,5,Rep
@realDonaldTrump ''THIS IS WRONG -  EXTREME BIAS #Washington court against #Christian florist sodomite wedding case' https://t.co/9WfF3K1AXO,2017-02-17 08:47:42,8,Rep
@realDonaldTrump running the USA like a business.  He's the lying salesman... https://t.co/zUHL9cPD4S,2017-02-17 08:48:01,6,Rep
@IngrahamAngle @Morning_Joe @realDonaldTrump. Laura I watched 5 min of morning joe the whining. Eye rolling and mashing of teeth was epic!,2017-02-17 11:51:47,12,Rep
"@Impeach_D_Trump @MissyGreenbean @realDonaldTrump Hatred in name of peace and love. Tolerance for intolerant! Up is down, black is white!",2017-02-17 11:52:00,8,Rep
"@realDonaldTrump You are such a whiny-assed, sucky, tiny-hands crybaby.  #GetHelp #NotMyPOTUS #ResistTrump",2017-02-17 11:52:04,6,Rep
"@RuwaydaMustafah @realDonaldTrump here is the reality, you are not american, you are British so stay out of our our politics.",2017-02-17 11:52:17,6,Rep
@realDonaldTrump has proven ANYONE can win the Presidency (with the help of Russia) üôà,2017-02-17 11:52:35,7,Rep
@realDonaldTrump I have still not picked my jaw up off the floor after that ghastly display,2017-02-17 11:52:37,7,Rep
@realDonaldTrump Donnie Donnie Donnie... you are delusional and act like an idiot ...quite the embarrassment.,2017-02-17 11:52:39,9,Rep
@realDonaldTrump Hospital costs are still to darn high!,2017-02-17 11:52:55,5,Rep
"@realDonaldTrump  Best news conference ever! Keep it up.
The liberal's heads are exploding. Media will never change. God bless.",2017-02-17 11:52:58,13,Rep
@realDonaldTrump Please stop repeating the fake news statement You sound like an idiot. Your shit stinks just like everyone else. #DoYourJob,2017-02-17 11:53:05,14,Rep
@realDonaldTrump make a deep housecleaning... transfer them far away or make then resign.,2017-02-17 11:53:23,8,Rep
@realDonaldTrump oh yes then on vacation to Florida at the tax payers expense,2017-02-17 11:53:26,7,Rep
"@realDonaldTrump That was well done, Sir. A shot in the arm for all of us. Not making shit up is all your asking for.",2017-02-17 11:53:43,10,Rep
@MuppetV2 @matteec wait is @HillaryClinton president? it's a shame they couldn't just change the rules so she won,2017-02-17 11:53:44,5,Dem
"@realDonaldTrump love One America News Network, best of all. Hannity and Rush are great.",2017-02-17 11:53:51,9,Rep
Trump shows compassion. Calling for a political prisoner to be released. No doubt the left wing will twist this to‚Ä¶ https://t.co/CUqogLO2f3,2017-02-17 08:47:00,11,Rep
"@Lrihendry @realDonaldTrump Trump has the power now to stop them, he just has to get his cabinet in place. Libs are infuriating, sore losers",2017-02-17 08:47:45,10,Rep
"Indiana! #Trump2016 https://t.co/6aGJr5WDaj Big news to do you and remember to betray you Senator Elizabeth Warren, we‚Äôd",2017-02-17 08:47:54,8,Rep
@aasif @DeplorableYes @realDonaldTrump yo assif ...who told Hillary to use an unsecured private server so she could hide info,2017-02-17 08:48:20,11,Rep
"@realDonaldTrump More whining about the dems... Blah blah blah. Meanwhile, in your administration, I'm seeing a well oiled machine. Lmfaoo",2017-02-17 11:51:48,12,Rep
"@realDonaldTrump ...and the Albanian Government and PM where , during the election , clearly against You ?? 
Answer : Use'em all ...",2017-02-17 11:52:00,8,Rep
Rush Limbaugh needs a drug test. https://t.co/PtpBK8v3kz,2017-02-17 11:52:01,5,Nothing
@realDonaldTrump ALL I KNOW THANK YOU MR PRESIDENT FOR CLEANING UP OUR NEIGHBORHOODS WITH THE ILLEGALS SWEEPS. BUSINESS WILLFACE FINE PRISON,2017-02-17 11:52:03,12,Rep
"@realDonaldTrump 
You made me laugh with that BBC bloke Donald, brilliant! üôÖüôÖüôÖüôÖüôÖüôÖüôÖüôÖüôÖüôÖüôÖüôÖüôÖüôÖüôÖüôÖüôÖüôÖüôÖ
You socked it to em! Please don't change! X üòÑ",2017-02-17 11:52:12,11,Rep
"@43536H @realDonaldTrump Rush is the only one you cite? NOT a journalist, a bloated motor-mouthed crazy. Like you.",2017-02-17 11:52:15,10,Rep
@IngrahamAngle @Morning_Joe @realDonaldTrump Turned them on for a minute.They're REALLY acting strange.They are so confused they can't think,2017-02-17 11:52:21,8,Rep
"@realDonaldTrump Mr. President, why do we continue to print pennies? It costs 1.5 cents to print a damn pennie. Do away with pennies please.",2017-02-17 11:52:22,15,Rep
@stephenWalt case in point to your ? Yesterday! He thinks people are patting him on the back for doing a good job! https://t.co/IobBaUKKYj,2017-02-17 11:52:26,9,Nothing
@realDonaldTrump it's a hard job being the best at what you do  keep up the good work and stay strong,2017-02-17 11:52:29,8,Rep
@realDonaldTrump Satan could say something positive about you and you would thank him publicly,2017-02-17 11:53:05,8,Rep
@realDonaldTrump Some people call you a space cowboy.Some people call you Gangster of Love.Some people call you Mourece . YOUR JUST A WINNER,2017-02-17 11:53:14,12,Rep
"@realDonaldTrump Picher, OK is uninhabitable due to lead contamination. This is #MAGA Trump's America without an EPA https://t.co/Gl9GzACdju",2017-02-17 11:53:45,10,Rep
@realDonaldTrump I liked the way you lie. BIG FAT LIES. FAKE PRESIDENT.,2017-02-17 11:53:54,8,Rep
@realDonaldTrump new name for old disease  ..   liberalism.  We found cure. PRESIDENT TRUMP,2017-02-17 11:54:06,9,Rep
@IngrahamAngle @Morning_Joe @realDonaldTrump I'm watching too. Never watch this show. Mika is beside herself. Is she always like this?,2017-02-17 11:54:07,8,Rep
"@realDonaldTrump that is their problem, keep up the great work you and your administration are doing for We The People!",2017-02-17 11:54:10,6,Rep
We will see won't we Donny. Somehow I don't think it's fake news. https://t.co/y9bYTlmvwr,2017-02-17 08:47:03,6,Nothing
@BarackObama What happened? I thought you were going to take a stand against this crap? You're the 1st POTUS I vote‚Ä¶ https://t.co/adHvlgo17w,2017-02-17 08:47:00,9,Dem
"""But paid anti tr*mp protesters!"" https://t.co/kvuMyp7V6w",2017-02-17 08:48:48,5,Nothing
"@realDonaldTrump Beat at your own con game, thanks loser. https://t.co/l4FXd6PrIy",2017-02-17 08:49:53,5,Rep
"@realDonaldTrump I agree, it was one of the most batshit crazy press conferences I've ever seen.",2017-02-17 11:51:53,8,Rep
@realDonaldTrump OMG dude!! If you think that 'train wreck' of a conference was one of the greatest ever; then you REALLY are delusional../2,2017-02-17 11:51:54,12,Rep
@realDonaldTrump You're right about the #VERYFAKENEWS ! Their ratings prove it.  Keep hitting them hard.  We love it. Greatest Presser Ever!,2017-02-17 11:51:55,10,Rep
@realDonaldTrump Good job sir! Keep up the great work!,2017-02-17 11:51:56,6,Rep
"@realDonaldTrump sir, I think you did a marvellous job, and you make me wish you were my president too. Though you already are in spirit. üëå",2017-02-17 11:52:03,10,Rep
@realDonaldTrump please get some help! you clearly are delusional!,2017-02-17 11:52:06,5,Rep
@CNN @realDonaldTrump someone please send a doctor üë®‚Äç‚öïÔ∏è to the White House to see and check Super Donald : he's los‚Ä¶ https://t.co/zuiDo5Tbp7,2017-02-17 11:52:14,11,Rep
"@harlydogg @erichmcelroy @realDonaldTrump You can call it ""Trump care"" if you like. He is just calling it; fixing something that's broken.",2017-02-17 11:52:18,9,Rep
"one month out and @BarackObama is an afterthought 4 all Americans, There is &amp; was nothing worth remembering! Hope and Change never happened",2017-02-17 11:52:19,13,Dem
"@realDonaldTrump please provide in any trade deal with the UK, lashings of whatever it is you are smoking.",2017-02-17 11:52:26,8,Rep
"@realDonaldTrump But seriously, that press conference was GREAT, the greatest since JESUS!",2017-02-17 11:52:44,7,Rep
"Hang on, @OfficialCBC! @AprilDRyan will call you with a day and time for  the meeting with @POTUS! üôÑ https://t.co/gng5NX3EPg",2017-02-17 11:52:51,5,Nothing
@realDonaldTrump Your rants are alienating any American who is not part of your base.As President we are ALL your constituents.,2017-02-17 11:52:56,8,Rep
@realDonaldTrump Be sure to give them your expert opinion on aerodynamics as well. They'll really appreciate it!,2017-02-17 11:52:59,8,Rep
Is it me or does .@liliantintori seem extremely uncomfortable between Trump (grab em by the pussy) and Pence (I'll‚Ä¶ https://t.co/YLkaRuUaBv,2017-02-17 11:53:16,8,Rep
@realDonaldTrump  now that's a compliment coming from a man of honor and intelligence. HahahahahahahahaüòÇüòÇüí©üí©,2017-02-17 11:53:30,6,Rep
@realDonaldTrump The left is in meltdown mode. Enjoy it Mr. President.,2017-02-17 11:53:39,6,Rep
@IngrahamAngle @Morning_Joe @realDonaldTrump E. Robinson sputtering Trump isn't trying to work with the establishment - THATS WHY I VOTED!,2017-02-17 11:53:50,9,Rep
"@mrhorst1 @MrTommyCampbell @realDonaldTrump You know what the word ""liberal"" means, don't you?  Or are you reading from an #altdictionary ?",2017-02-17 08:47:10,5,Rep
"@pierredeca @realDonaldTrump you shall be to you as the native among you,and you shall love him as yourself;for you were sojourners...",2017-02-17 08:47:32,6,Rep
"""They fill up our alleys with people that you wonder how they get there""
- @realDonaldTrump on ""Obamaca"", 2017",2017-02-17 08:48:09,7,Dem
"@realDonaldTrump You lost the popular vote by 10 million. You have historically low approval ratings. 
#chaos
#releaseTaxes",2017-02-17 08:48:18,9,Rep
"@mkirkwmj @jackschofield @extremecompute @realDonaldTrump The jackasses are coming out of the White House closets, liars and con men. SAD!",2017-02-17 08:48:59,9,Rep
Oh look!   The exaggerator in chief is up bright and early bragging about his bizarre failed presser.  You are laug‚Ä¶ https://t.co/EVCC9ys9AE,2017-02-17 11:51:54,11,Nothing
@realDonaldTrump I know how to read and determine what's fake. The only thing around here is you.,2017-02-17 11:52:01,6,Rep
"@realDonaldTrump Mr. President, you were superb yesterday. Keep up the GREAT work you are doing for ALL of us!",2017-02-17 11:52:29,8,Rep
"#LikeaKing watch out @realDonaldTrump, if Americans get inspired by the French. Your head is on the chopping block.‚Ä¶ https://t.co/u6gCAi4pA5",2017-02-17 11:52:36,8,Rep
@realDonaldTrump Go Mr.President. Make America Great Again!üá±üá∑,2017-02-17 11:52:49,6,Rep
@realDonaldTrump I would be careful.  No one wants to work for you!  Pretty soon you will be all alone in the White House,2017-02-17 11:52:57,10,Rep
Good Morning after awesome press conference @realDonaldTrump . Welcome to Charleston! https://t.co/ly2t2hkkUL,2017-02-17 11:52:59,7,Rep
@realDonaldTrump Bless you and your extreme level of ignorance. It's almost cute if it wasn't so shocking.,2017-02-17 11:53:09,7,Rep
@JoeNBC @realDonaldTrump @JoyAnnReid @DumpTrump TRUMP* stars in 'It's a Beautiful Mind' at 70 minute press conferen‚Ä¶ https://t.co/s2foYM1b9q,2017-02-17 11:53:11,8,Rep
"@realDonaldTrump 
Make sure you get Lockheed on the phone while there!
#lockheedmartin 
#conflictsofinterest",2017-02-17 11:53:19,5,Rep
"@HillaryClinton continues to be regal, informed and my pick for President!  Thank you to all the Clintons for their‚Ä¶ https://t.co/9EX1DKJA7H",2017-02-17 11:53:29,7,Dem
".@realDonaldTrump 
Wall Street Journal Runs Fake News on Trump and the Intelligence Community | Rush https://t.co/8RZppiu6Pd",2017-02-17 11:53:33,10,Rep
@mdj20000 @pastormarkburns @HillaryClinton what policies? As a independent who's voted Democrat for 20 years I haven't seen any..,2016-08-30 14:41:46,7,Dem
@realDonaldTrump Thank you! We ALL see what @Twitter is doing to you comment thread....shameful,2017-02-17 08:48:05,5,Rep
"@realDonaldTrump You really are delusional if you believe this, as the spotlight is actually on the moron president",2017-02-17 08:48:48,7,Rep
You are a fucking embarrassment to this nation. My beagle could do a better job and she licks her own ass. https://t.co/PchC8H68lb,2017-02-17 11:51:57,9,Nothing
@realDonaldTrump if you are talking jobs today. How about a response to my question conserning 12 million jobs? #PONTUS #Jobs #trump,2017-02-17 11:52:21,9,Rep
"@realDonaldTrump stop fucking whining all the time. Its all you do. When u said we would be tired of winning, i think u misspelled whining.",2017-02-17 11:52:28,13,Rep
Speaking of fake: re the woman tesifying to Gorsuch character- Slight tinge of East Europe accent noticed. childhoo‚Ä¶ https://t.co/ZwSorq32e7,2017-02-17 11:52:29,13,Nothing
Are you kidding? It was 77 minutes of you talking about how everything affects you. #narcissism #lies https://t.co/H1DY9jvmr1,2017-02-17 11:52:31,6,Nothing
@catsu @realDonaldTrump your brain was already deported. Why don't you go join it?,2017-02-17 11:52:33,5,Rep
@realDonaldTrump it's about time that everyone needs to stop acting like babies! Let's all work together!,2017-02-17 11:52:35,10,Rep
Majority of Britons support the UK's invitation to @realDonaldTrump of a state visit https://t.co/BgMCanNJHH‚Ä¶ https://t.co/kZrldD4V0I,2017-02-17 11:52:37,7,Rep
Read those last two sentences again with a straight face üòÇüòÇü§£ https://t.co/aAScyRbJ7R,2017-02-17 11:52:49,6,Nothing
@realDonaldTrump we need to go back to space  Boeing would be the best company to make that happen it would make more jobs happen,2017-02-17 11:53:09,14,Rep
"@realDonaldTrump You are delusional &amp; Rush is having Vicodin binge hallucination. You need mental health help stat.
https://t.co/EfaECY7KDR",2017-02-17 11:53:10,11,Rep
@realDonaldTrump My Jeff Foxworthy impression: If you think Steve Douche has more credibility than the NYTimes...You might be a moron.,2017-02-17 11:53:19,10,Rep
@realDonaldTrump so u can take credit for lowering costs and deals already in the works with Obama? Ok!,2017-02-17 11:53:21,11,Dem
@realDonaldTrump Americans not happy... but Rush L... he is the greatest for now... and about the only one left on the wrong side,2017-02-17 11:53:24,10,Rep
@realDonaldTrump you were a bit to harsh with that orthodox jew. He didn't mean to offend you,2017-02-17 11:53:28,6,Rep
@realDonaldTrump The media is going to have a rough eight years!  üòÅ,2017-02-17 11:53:31,5,Rep
@RupertMyers @realDonaldTrump is that how to talk.  Just a clear example of how you liberals behave. Stop dividing the country &amp;@support him,2017-02-17 11:53:36,9,Rep
"@realDonaldTrump Mr.President,why dont you comment on Arsene Wenger's continuous defeat!He becomes source of heart desease for many people!",2017-02-17 08:47:04,14,Rep
@realDonaldTrump How does it feel to be the butt of late night monologues EVERY NIGHT?,2017-02-17 08:48:05,7,Rep
Shame that dems can't see past the smoke and past presidents. It baffles me. https://t.co/In7xgM1Wvp,2017-02-17 08:48:48,9,Nothing
"If the factory owner was a Victorian despot who let his staff die up chimneys, perhaps ... https://t.co/YwFDsqNv3P",2017-02-17 08:49:06,9,Nothing
"@realDonaldTrump still (if true) we don't want 2pay 4ur wife's stay@Ttower
#trumpghazi #ImpeachTrump #showhistaxes #stophim",2017-02-17 08:49:54,7,Rep
@realDonaldTrump Your team is as big a joke as you are if you think that went well. Next time finish the clown act‚Ä¶ https://t.co/BKqppIGX7s,2017-02-17 11:52:20,11,Rep
"@realDonaldTrump God blessings, all what you need and the deplorable loyal to you. Walk in water with chin up despite the lies and blasfemia",2017-02-17 11:52:24,11,Rep
@realDonaldTrump Adore you President Trump and Love everything U R doing 4 our country!America became great again the day U won!,2017-02-17 11:52:35,14,Rep
@IngrahamAngle @Morning_Joe @realDonaldTrump the voter rejected them all why would we change our minds they are strengthening our resolve,2017-02-17 11:52:43,7,Rep
@rolandscahill @realDonaldTrump Are you saying only you thoughts count? Are u to big to serve your country? Are u the only one that matters?,2017-02-17 11:52:44,10,Rep
"AT: Despite some delays in approving Dr. Tom Price, oh and the Russia thing, the repeal of ObamaCare is moving fast! https://t.co/fGQQZwfJxM",2017-02-17 11:52:48,13,Dem
Good morning! Sir! You did a great job! I like it. üòúüòú https://t.co/ZPl5g0aUoL,2017-02-17 11:52:55,6,Nothing
@realDonaldTrump - Is this it?  Is this a drained swamp?  'Cause it's ugly and chaotic...,2017-02-17 11:53:00,5,Rep
@RealDonaldTrump blasted on social media for 'sociopathic' press conference https://t.co/EHDLqjWRiu,2017-02-17 11:53:03,6,Rep
"@realDonaldTrump talk, talk, talk,.... Lie, lie, lie",2017-02-17 11:53:26,6,Rep
@Resistrump_Jrio @CNN @realDonaldTrump Good Morning now u r free to laugh also until cribbing over election result,2017-02-17 11:53:29,10,Rep
@realDonaldTrump So good of you to start writing sketches for SNL.,2017-02-17 11:53:31,5,Rep
@Rc4trum @dapperlaughs @Chris194227 @realDonaldTrump he just asked what hair products he uses hun y u crying?,2017-02-17 11:53:34,7,Rep
.@realDonaldTrump @POTUS expected to arrive in North Charleston around noon today. LIVE coverage w/ @WLTX‚Ä¶ https://t.co/Sx14OkJ1u6,2017-02-17 11:53:36,10,Rep
@realDonaldTrump was actually embarrassed by you and for you..nothing great about it you treat people like garbage and you ramble on. Sad,2017-02-17 11:53:46,10,Rep
"@realDonaldTrump u called @HillaryClinton ""crooked"" thru out the campaign BUT U now earned title of DISHONEST DONNY #lies #Pressconference",2017-02-17 11:53:51,10,Dem
We can sure hope it does. Bring @CNN and media dishonesty down a few pegs. Get @MSNBC  next. https://t.co/g1w3l64MPg,2017-02-17 11:53:59,9,Nothing
@realDonaldTrump you know fake means... like your tan... the news is real.,2017-02-17 11:54:01,7,Rep
@KellyMezz @CDoranHarader @JVER1 @realDonaldTrump Gosh I Miss Those Ole Movies With Shirley Temple In Them.,2017-02-17 08:47:39,6,Rep
@POTUS @realDonaldTrump Just let the adults in the country take charge so you can go back to being whatever the hell it was you were before.,2017-02-17 08:47:45,10,Rep
"@POTUS @realDonaldTrump And you fucking suck, dude. You really fucking suck at pretty much everything.",2017-02-17 08:49:08,9,Rep
A Medical Theory for @realDonaldTrump‚Äôs Bizarre Behavior - He's Got Syphilis    https://t.co/vw40pgfDgu,2017-02-17 11:52:11,6,Rep
@realDonaldTrump it's high time you shook yourself out of your alternative reality ! National spectacle is what it was!!,2017-02-17 11:52:12,7,Rep
@realDonaldTrump I'd rather have Grant come to South Carolina again....,2017-02-17 11:52:21,5,Rep
"@realDonaldTrump ...Float like a butterfly, sting like a bee....The media rope-a-dope..Pass the popcorn.. Enjoy!",2017-02-17 11:52:51,12,Rep
@realDonaldTrump great job yesterday sir. The Press has been so liberal and so one-sided that it makes me wanna puke.,2017-02-17 11:52:57,11,Rep
@WKPromotions @MarkPygas @realDonaldTrump who wants to back a liar that acts like a petulant child?,2017-02-17 11:53:10,7,Rep
"@BBCJonSopel at @realDonaldTrump press conference BBC is ""impartial free &amp; fair"" üòÇüòÇüòÇüòÇüòÇüòÇüòÇüòÇüòÇüòÇüòÇüòÇ",2017-02-17 11:53:15,7,Rep
"@realDonaldTrump ha ha, Limbaugh is as fake as it gets. You came off as a complete loon. A total failure. A loser.",2017-02-17 11:53:16,11,Rep
@realDonaldTrump Don't forget to tell Boeing you don't need THEIR Air Force One. Putin I'm sure can steal a plane... just for you.,2017-02-17 11:53:34,12,Rep
@WKPromotions @MarkPygas @realDonaldTrump I'm sure you were crying the same song when the Kenyan Muslim commie was in office right?,2017-02-17 11:53:37,8,Rep
". @realDonaldTrump Mr. President, Please speak out against the rising incidents of anti-semitism &amp; hate crime. https://t.co/xPLtt41DAt",2017-02-17 11:53:40,11,Rep
@realDonaldTrump oh yeah?  Please elaborate how  will millions of Americans will be covered. what's your plan? What health insurance?,2017-02-17 11:53:42,10,Rep
"@realDonaldTrump I also look at your @ mentions on here and it's nothing but at. Where are these ""nice statements"" at?",2017-02-17 11:53:46,6,Rep
@realDonaldTrump Let every soul be subject unto the higher powers. For there is no power but of God: the powers that be are ordained of God,2017-02-17 11:53:53,12,Rep
@9NewsLA @realDonaldTrump it's good to see someone stand up to the fake news media .bunch of  crybabies,2017-02-17 08:47:05,9,Rep
@jackschofield @realDonaldTrump bs. Hillary approved it as sec of state. Then she gets big donation to her slush fund,2017-02-17 08:47:52,10,Rep
@realDonaldTrump   I am a coal mining woman...for 16+ years....and I truly believe you ‚ù§Ô∏è this country and the American people!!,2017-02-17 08:48:21,10,Rep
Variety: .CNN says it's doing just fine despite realDonaldTrump's attacks https://t.co/PhYyFUmksP https://t.co/DQY5yIGGgI,2017-02-17 08:48:27,7,Rep
@realDonaldTrump look@British towns destroyed by Islamic immigration yet govt supports it In the end Russians &amp; Americans will have to save,2017-02-17 08:49:41,13,Rep
"For #10,001, I'd like to dedicate this tweet to the man who has arguably turned the current world order upside down, @realDonaldTrump",2017-02-17 11:52:10,10,Rep
"@realDonaldTrump Your in a different reality-Your so called ""Press Conference"" was embarrassing &amp; scary. If your qu‚Ä¶ https://t.co/IJNNi4qx7D",2017-02-17 11:52:19,9,Rep
Any followers in the Charleston area today? @realDonaldTrump needs to be shown some southern hospitality.‚Ä¶ https://t.co/klmyk9ykGB,2017-02-17 11:52:20,8,Rep
"@IngrahamAngle @Morning_Joe @realDonaldTrump uhh, and same ilk that threw slow pitch softballs to @BarackObama.",2017-02-17 11:52:27,6,Dem
@realDonaldTrump yeah! I like how you told them had the biggest Electoral College victory ever... for Republicans... named Donald. Facts üòÇüòÇüòÇ,2017-02-17 11:52:32,12,Rep
@realDonaldTrump Mr. President.   Your press conference was AMAZING !!!  üòÜüòÜüòÜüòÜüòÜ   I LOVED IT  !!!,2017-02-17 11:52:37,6,Rep
@realDonaldTrump hop on that Russian ship and get the hell out od America!,2017-02-17 11:52:43,7,Rep
@realDonaldTrump thank you for the pure comedy and entertainment. Perhaps the most deluded person ever. EVER!,2017-02-17 11:52:50,9,Rep
"@realDonaldTrump 
You're doing this on purpose aren't you Donald? No-one, absolutely no-one, could actually be this childish and superficial",2017-02-17 11:52:55,9,Rep
"@foxandfriends @SteveHiltonx @MooreintheAM @jaketapper @realDonaldTrump many, although censored-dismissed, thought president hit a home run",2017-02-17 11:52:56,9,Rep
@realDonaldTrump If a CEO in a private sector organization had a press conference like that they would be fired immediately.,2017-02-17 11:53:00,10,Rep
"McDonald #Trump, the Lyin' King 
is a #FAKE Lion King
@realDonaldTrump @POTus
#SAD",2017-02-17 11:53:02,5,Rep
"@realDonaldTrump Like Trump said, media will hollow all day about their ass whipping. We love our C in Chief a man of his word.",2017-02-17 11:53:12,13,Rep
@maddow @realDonaldTrump @CNN It seems President Trump wants to destroy US Government so Russia &amp; Putin to  march into USA and take over,2017-02-17 11:53:20,13,Rep
"@realDonaldTrump Rush Limbaugh is a drug addicted tool! Your conference was great alright. A great insight into your insanity. Resign, sir.",2017-02-17 11:53:39,13,Rep
@FoxBusiness @realDonaldTrump Such Problems will be solved with #Trumps the new Presidential Secret Service! Nobody needs 17 intel orgs!,2017-02-17 08:48:19,11,Rep
@realDonaldTrump I don't need to media to tell me ANYTHING.  My eyes and my brain told me exactly what I need to know. You are deeply unfit.,2017-02-17 08:49:02,12,Rep
"@Reuters 
@realDonaldTrump : Why do Jews have big noses?
@netanyahu : Why?
@realDonaldTrump : Because air is free",2017-02-17 08:49:30,5,Rep
"@realDonaldTrump Yes, Big Brother, you did work hard trying to deflect from the recent scandal with Gen. Flynn. All hail BB!",2017-02-17 11:52:07,13,Rep
"@realDonaldTrump Yes he's hateful like your hateful you just project your faults &amp; shortcomings on others to make yourself feel great, SAD!",2017-02-17 11:52:08,13,Rep
@TomthunkitsMind @SharonHoole @realDonaldTrump Yup with a straight face too! I guess he thinks we are all stupid? Not us üá®üá¶! Very smart ppl,2017-02-17 11:52:23,10,Rep
@realDonaldTrump a crooked doc is your idea of a good choice. Figured,2017-02-17 11:52:25,6,Rep
@dapperlaughs @Rc4trum @realDonaldTrump I think he's look would suit you dapper üòÇ,2017-02-17 11:52:32,5,Rep
"@realDonaldTrump nice, keep up the good work of repealing that crappy law!",2017-02-17 11:52:48,7,Rep
@realDonaldTrump ... the best live comedy show ... a disgrace,2017-02-17 11:53:00,5,Rep
"@realDonaldTrump @Mike_P_Williams ""You can't"". Fuck you, yes they can. And they can as soon as gov race baiters get out of their way.",2017-02-17 11:53:04,11,Rep
"@NewDay @AlisynCamerota @ChrisCuomo  @realdonaldtrump press conf distracted from topic regarding his administration, flynn, and Russia",2017-02-17 11:53:12,8,Nothing
"@realDonaldTrump I would challenge you to a battle of wits, but I see you are unarmed",2017-02-17 11:53:14,6,Rep
@realDonaldTrump worst presidential press conference ever.,2017-02-17 11:53:17,5,Rep
@mikd33 @realDonaldTrump An your sun God is good old radicals like Karl Marx an the haters of the USA.,2017-02-17 11:53:38,10,Rep
@realDonaldTrump my friend is on Obama Care and is devastated by cost.  She is so happy by what you are doing.  Thank you!  God bless,2017-02-17 11:53:43,9,Dem
"@williamlegate @realDonaldTrump Reminds you of back then when ""things were different"", huh? Or it's just because he's famous. Just a trend.",2017-02-17 11:53:49,7,Rep
@realDonaldTrump Pensacola Florida has been very nice weather right now! Please come see use!!!!  Keep the great work!!! We love ‚ù§Ô∏è YOU,2017-02-17 11:53:55,13,Rep
@VeeVee @realDonaldTrump ...28 vacations totaling 217 days and was even golfing while Americans  were dying in Benghazi you idiot.[2/2],2017-02-17 11:54:03,13,Rep
@ZettAguado @rmgg5553 @BryanDawsonUSA @realDonaldTrump  A village's women are all impregnated with alien children who plan to replace humans,2017-02-17 08:48:04,8,Rep
@DrewGriffinCNN @DHSgov @realDonaldTrump This sort of thing could make @JeffZuckerCNN's network very relevant again.,2017-02-17 08:48:59,6,Rep
Everyone welcome! Need cash? Rent your car! https://t.co/oJj4fBF2sm @realdonaldtrump #Iran #Iraq #Libya #Somalia‚Ä¶ https://t.co/FKLH0iH6F9,2017-02-17 11:52:08,6,Nothing
"@DocThompsonShow #WhatILearnedToday Apparently @realDonaldTrump doesn't Google. He just gets on his computer to look something up, and Bing!",2017-02-17 11:52:20,7,Rep
I wonder if the North Koreans think @realDonaldTrump is crazy?,2017-02-17 11:52:25,5,Rep
@realDonaldTrump can't wait to see what type of toddler fit you'll throw today. Wahhhh!,2017-02-17 11:52:41,9,Rep
"Well no, The media is the media, they can't be fake! Lordy what a dim wit you are Donald! #Resist #TheResistance https://t.co/jyDeOB80Ko",2017-02-17 11:52:43,9,Nothing
@RupertMyers @realDonaldTrump this is the tweet from a 'politcal correspondant'. Any wonder normal people dont listen to MSM,2017-02-17 11:52:44,9,Rep
"@realDonaldTrump Low income familys have hope now more than ever, Lets build and MAGA welders,masons,framers,plumbers and more support you!!",2017-02-17 11:52:58,13,Rep
@Poptropica @realDonaldTrump Maybe he will try and make a Poptropica account and start playing that game.,2017-02-17 11:53:03,8,Rep
@realDonaldTrump Patriots know the media: 1. are biased &amp; liars. 2. must feel relevant 3. are shown how irrelevant they are by you DAILY,2017-02-17 11:53:10,15,Rep
@realDonaldTrump is a national embarrassment. Resist his 'fine-tuned machine'. https://t.co/J8Ec5AfpXV,2017-02-17 11:53:11,6,Rep
"@butchparnell @realDonaldTrump  And are those drugs legal? Do you get them from your little Napoleon son, what's his name..Oh Donnie Jr.?",2017-02-17 11:53:14,10,Rep
"Okay. This confirms that Trump lives in his own reality.

I don't think I've ever seen someone this deluded, especi‚Ä¶ https://t.co/nlvxsX1iro",2017-02-17 11:53:19,11,Rep
Just when I think you've already said the dumbest shit a president could say.... R U fucking kidding me? Rush ? https://t.co/8MVD3LYf2m,2017-02-17 11:53:34,13,Nothing
@Mike_P_Williams @realDonaldTrump free press? Do you listen to yourself?  Hahaha.  I know it.U know it.if trump is attacked.he well counter!,2017-02-17 11:53:37,11,Rep
"@realDonaldTrump You Mr. President said it best, They (the media) don't get it but we the people do get it! We see what's going on. #DTS",2017-02-17 11:53:54,10,Rep
@realDonaldTrump Go get 'em Mr. President and congrats on the presser of ALL TIME. You REALLY nailed it and nailed‚Ä¶ https://t.co/ND5FkHpG0n,2017-02-17 11:53:59,11,Rep
@realdonaldtrump  most of these people just piggy back off of some other smchuck on here with smears grow up America your embarrassing.,2017-02-17 11:54:05,8,Nothing
Exactly. Your guy had eight free years to rein unbridled terror on America. He and you are over. Long live Twitter‚Ä¶ https://t.co/lWNpzUjDPL,2017-02-17 08:47:14,12,Nothing
@realDonaldTrump Most people said they were frightened by your horrible speech.  You are an imbecile,2017-02-17 11:52:13,6,Rep
"Dear @realDonaldTrump For someone who doesn't like #Fake things, an awful lot of your followers on twitter appear to be fake accounts...",2017-02-17 11:52:18,11,Rep
"They say @realDonaldTrump aka #TinyFingeredFerretWearingGibbon speaks from the gut, they're wrong, its from lower in the intestinal tract",2017-02-17 11:52:20,8,Rep
Liberalism is a mental disorder! @realDonaldTrump  you're the man! Keep up the good work... https://t.co/vofPj9V5EE,2017-02-17 11:52:24,7,Rep
@OfficialSPGB @realDonaldTrump It was held at Orlando airport. Clearly not enough people to fill LAX or O'Hare. Sad!,2017-02-17 11:52:32,11,Rep
@realDonaldTrump Mr FLYNN your LUNCH Is here off the EAST COAST. RUSSIAN SUB,2017-02-17 11:52:35,7,Rep
@realDonaldTrump Did you read all the reviews that compared you to Captain. Queeg?,2017-02-17 11:52:47,5,Rep
@realDonaldTrump You gonna get Lockheed on the phone for a private chat with the Boeing board?,2017-02-17 11:52:48,8,Rep
@crehage @realDonaldTrump sell more of this uraniums thing to Russia like madame president hilary!  Or make a uraniums deals with iran!,2017-02-17 11:52:54,12,Rep
@realDonaldTrump InORDER to avoid political opponents attacks TRANSPARENT COMMUNICATION Relate OBJECTIVELY To BASES of CHANGES must be give.,2017-02-17 11:52:56,13,Rep
@realDonaldTrump the tabloid..i.e. Fake news lost all credibility long ago.. They have been in the militant leftist den for over a decade.,2017-02-17 11:53:01,12,Rep
.@realDonaldTrump how are you planning to attack Americans? Bomb @Target stores? Massacre a few dozen houses of worship? Nuke us? What?,2017-02-17 11:53:07,11,Rep
"Let's all sing ""Hurray, Hurray, it's a glorious day!"" as the world explodes. https://t.co/fYpY6cQ2Cz",2017-02-17 11:53:17,8,Nothing
"@EmmaKennedy @realDonaldTrump 
May be polluted as your dirty vagina.  So how many abortions did you have?",2017-02-17 11:53:23,6,Rep
@realDonaldTrump - Wow...I even like you ..and even I don't think it went well.,2017-02-17 11:53:37,7,Rep
#welltunedmachine like everything else @realDonaldTrump has different understanding - for him a welltunedmachine is one that rarely works,2017-02-17 11:53:41,9,Rep
@realDonaldTrump 38% approval rate Donald.  You are doing a fine job of making yourself look incompetent all on your own,2017-02-17 11:53:49,9,Rep
@realDonaldTrump @POTUS release your tax returns #tax returns #emoluments clause #chaffetz #divest,2017-02-17 11:53:53,5,Rep
"@realDonaldTrump After that press conference I just feel sorry for you, but more sorry for my American friends. Good luck over there.",2017-02-17 11:53:57,9,Rep
"@Bill_Shapiro @realDonaldTrump He Was Awesome Never heard Obama speak to us did you üòÇüòÇ.Go on with life as it was,we will be glad to roll on",2017-02-17 11:54:00,10,Dem
"@realDonaldTrump Jobs, jobs , and more jobs. Keep up the great work Mr. President üëçüá∫üá∏üá∫üá∏üá∫üá∏",2017-02-17 11:54:08,8,Rep
@realDonaldTrump Killary invented the Trump/Putin farce at start of campaign and spent 18 mo's ranting/raving her big fat lie.,2017-02-17 11:54:11,15,Rep
@KarenOggs @Reince @HillaryClinton Why can so few of my fans speak their one and only language?,2016-08-30 14:41:50,5,Dem
"Bad things, Yeah.Are all his supporters 2 year olds? #PresidentBawbag #neverpresidential #badthings #selfobsessed‚Ä¶ https://t.co/MxxI5pkkV7",2017-02-17 08:47:14,7,Nothing
@realDonaldTrump We will see won't we. And what is it with you and the size of your win? What are you compensating for? I think we know.,2017-02-17 08:48:22,6,Rep
"Melania Trump Is ‚ÄòMiserable‚Äô as First Lady, ‚ÄòUnhappy With How Her Life Ended Up‚Äô @realDonaldTrump @seanhannity https://t.co/JLgBWFZMjC",2017-02-17 08:49:36,8,Rep
"@realDonaldTrump Why does no one appreciate the fact that this was impromptu?  The press could have asked relevant questions, instead attack",2017-02-17 11:52:21,11,Rep
"@realdonaldtrump Are you bringing a chip on your shoulder, because you are a SORE LOSER, as well as a SORE WINNER? PATHETIC FAILURE! #FLATUS",2017-02-17 11:52:23,10,Nothing
Thank you for all of the nice statements on the Press Conference yesterday. Rush Limbaugh... by #realDonaldTrump,2017-02-17 11:52:33,8,Rep
"I'm not ""the fake media"". I found press conference @realDonaldTrump scary, delusional, &amp; validating why you are con‚Ä¶ https://t.co/YvqkfndAZr",2017-02-17 11:52:44,11,Rep
"@realDonaldTrump - very, very, very, very, very bad press conference! I called, and called and called to tell you but you didn't answer! SAD",2017-02-17 11:52:46,9,Rep
"@POTUS, you totally exposed the #MSM and the American people love it! Keep fighting for us! https://t.co/AutBQWk8ke",2017-02-17 11:52:48,8,Nothing
"@RuwaydaMustafah @realDonaldTrump Nice HAT did u undergo the ""Other"" part of @sharia? U know the ""NO FUN FOR U PART"" FEMMANIST LOVE THAT",2017-02-17 11:52:58,12,Rep
@chelseaperetti @realDonaldTrump real journalism is wikileaks.  Real journalsim is dead in this country.  Msm is only for the airheads.,2017-02-17 11:53:02,9,Rep
@Shouryureppa @azalben @wyatt_bears @realDonaldTrump How can you call it fake news!!! You obviously didn't watch the live press conference,2017-02-17 11:53:04,9,Rep
"Are you telling us to look forward to it, @realDonaldTrump? We don't care, jerk.",2017-02-17 11:53:20,6,Rep
WHO is locking themselves in their apartments petrified to leave?!?!??!?!ü§î Can we retire that the inner cities are hell @realDonaldTrump,2017-02-17 11:53:27,9,Rep
@realDonaldTrump with that kind of courage ! The world's hopefully going to snap out of this dream state that's been created and wake up !!,2017-02-17 11:53:30,10,Rep
"@MMFlint Very scary, not what @realDonaldTrump said but how he acted. Looked close to a breakdown from stress IMO.",2017-02-17 11:53:35,9,Rep
@realDonaldTrump used to think rush was smart. Now I think he's mean and angry. You're a joke!,2017-02-17 11:53:44,8,Rep
@david_mangels @KevinHardest @SheriffClarke @realDonaldTrump @dcexaminer illegal do take job away from legal immigrants.,2017-02-17 11:53:45,6,Rep
@realDonaldTrump so proud to pollute the drinking water don? Such a great achievement. #donthecon,2017-02-17 11:54:04,6,Rep
"I loathe this man. He is unfit and a disgrace. A repugnant excuse for a person, let alone a president. https://t.co/c8flHOuOXa",2017-02-17 11:54:09,10,Nothing
"@realDonaldTrump what happened to the 'fix' to the #Immigration #Ban that was supposed to come ""Monday or Tuesday""?",2017-02-17 11:54:18,6,Rep
"@realDonaldTrump 
Poor inauguration, orders blocked, 'alternative facts', contradictions by officials, lawsuits, mass protests, leaks....",2017-02-17 08:47:15,12,Rep
@realDonaldTrump you are literally a two year old child,2017-02-17 08:47:20,5,Rep
@Baldyman990 He is well on his way to be the @POTUS shortest in office ever üòÇ @realDonaldTrump #Trump #USA #DumpTrump #ImpeachTrump,2017-02-17 08:48:12,5,Rep
@realDonaldTrump I m very concerned about your safety.Can you make a new militia of total loyal people to investigate and protect. a million,2017-02-17 08:48:25,12,Rep
@TomiLahren is truly the biggest piece of shit that has ever lived on this early lol eh maybe @realDonaldTrump too,2017-02-17 08:49:52,10,Rep
@theNuzzy @realDonaldTrump my money is on @KellyannePolls for trying to sell stuff in her role as WH adviser.,2017-02-17 08:49:59,7,Rep
"@realDonaldTrump politics is far different from business. moremore skill. learn from T Roosevelt,FDR,08&amp;HRC's oily tongue,tricky,say A do B",2017-02-17 11:52:18,17,Rep
Rush is Right! For Our sake Mr. President please continue to expose &amp; utterly HUMILIATE the fake media! #UnveilThem! https://t.co/UGyVqq4fHI,2017-02-17 11:52:30,13,Nothing
"@domknight @realDonaldTrump NO, when they feel the need to put THEIR sarcastic spin on EVERYTHING iNSTEAD of reporting FACTS they're FAKE! üòù",2017-02-17 11:52:33,10,Rep
"Happy to be the 1,000th person to retweet this! https://t.co/VuaLrqiRwS",2017-02-17 11:52:36,5,Nothing
@realDonaldTrump Oh! That's your problem! You think Limbaugh is real news! Yeah...no. He's as big a moron as you.,2017-02-17 11:52:44,9,Rep
@realDonaldTrump Like CNN &amp; MSNBC give a fart about Rush Limbaugh! SAD!,2017-02-17 11:53:01,9,Rep
"@realDonaldTrump it's not fake media you moron: the world watched it and drew its own conclusions - you're an insane, deranged fuckwit...",2017-02-17 11:53:26,11,Rep
"@realDonaldTrump Donnie, Rush IS fake media. You are pissy toward the real media. Time to stop taking the hair drug.",2017-02-17 11:53:35,13,Rep
@realDonaldTrump it was a dumpster fire. Also all black people don't each other. Also you're a bad person.,2017-02-17 11:53:44,8,Rep
Nobody listens to rush HE LOST HIS CREDIBILITY A LONG TIME AGO https://t.co/dqu4juWQsn,2017-02-17 11:53:54,8,Nothing
"surely this admin filled with crayon munchers can agree, isn't that right @realDonaldTrump ? https://t.co/XhJDyrkerv",2017-02-17 11:54:25,8,Rep
"@realDonaldTrump @SpeakerRyan @TheDemocrats @HouseGOP @NancyPelosi 
MARCH ON CAPITOL HILL FEBRUARY 18-20
#INDEPENDENTINVESTIGATION #TREASON",2017-02-17 11:54:44,6,Rep
@foxnation @realDonaldTrump @HillaryClinton hey Get balls to ask him if he is the artist? How did he get this cartoon? From team Trump pros!,2016-08-30 14:41:50,10,Dem
"@BraddJaffy @PeterAlexander 

@realDonaldTrump hasn't provided FEC Chairwoman w/proof of his hysterical lies of mil‚Ä¶ https://t.co/08oc7nIgbJ",2017-02-17 08:47:15,8,Rep
"@realDonaldTrump ""@romoabcnews: .@DavidMuir first one in decades. Great meeting at Lincoln Memorial. Enjoy!",2017-02-17 08:47:21,8,Rep
@realDonaldTrump one overfed gasbag complimenting another #howappropriate,2017-02-17 11:52:31,5,Rep
@realDonaldTrump It looks like you are trying to do away with First Amendment rights. Dangerous.,2017-02-17 11:52:36,8,Rep
Past time-&amp; rats in his own Party! I'll Never be a Republican again @Reince @SpeakerRyan. I AM A PROUD TRUMPLICAN..‚Ä¶ https://t.co/TNlGLnJB72,2017-02-17 11:52:39,9,Nothing
"@realDonaldTrump Um. Don't you mean Chicago, boss? International HQ for Boeing? Chicago, South Carolina - I know, they both have c's, but...",2017-02-17 11:53:03,12,Rep
"He's basically said the same thing every day since Nov 8. Either a lie or dumb as a board. 
@MikeysPG69 @MarkPygas @realDonaldTrump",2017-02-17 11:53:06,12,Rep
@realDonaldTrump see if you can count all the mullets and full set of teeth at your rally today!!!!!,2017-02-17 11:53:08,9,Rep
"@RealDonaldTrump @Yokono 
The Fourth Wall is MORE IMPORTANT than
a Mexican Wall!  #ImpeachmentisComing #fakepresident #SCROTUS",2017-02-17 11:53:14,5,Rep
@IngrahamAngle @Morning_Joe @realDonaldTrump Morning Joe response is laughable. Chicken Little disguised as Dumb and Dumber. Go Trump Go!!!!,2017-02-17 11:53:18,12,Rep
@realDonaldTrump PBS is fact checking you today. Hillary did NOT sell uranium to anyone and she did NOT get debate questions either.,2017-02-17 11:53:31,14,Rep
"@politico @realDonaldTrump aww, poor baby is upset about tattlers.",2017-02-17 11:53:34,5,Rep
@realDonaldTrump it was the most entertaining. My favorite part was the electoral college fact check.,2017-02-17 11:53:43,7,Rep
@realDonaldTrump Who cares?You have to get new material already! Who's FAKE now? Guess being president not as easy‚Ä¶ https://t.co/CE4ruJlJkg,2017-02-17 11:53:54,10,Rep
it's like you are commencing the start of the purge wtf is wrong wit chu https://t.co/Lhr9wkoprW,2017-02-17 11:53:54,8,Nothing
@realDonaldTrump Does being so mean to Americans make you feel better about yourself? A little positivity goes a long way.,2017-02-17 11:53:57,10,Rep
@realDonaldTrump @MariaBartiromo @Boeing should move more of their production to SC and leave those forced union states behind.,2017-02-17 11:54:00,8,Rep
"@eJoelWatts @rolandscahill @PSRTour @realDonaldTrump all they do is smoke that stuff. Trump had them saying ""sir, Mr. President"" all day!!!!",2017-02-17 11:54:00,8,Rep
@realDonaldTrump @POTUS @EricTrump  üòâhow did I find this page this morning ? üòÜstumbled again üòÜppl are lost. They r‚Ä¶ https://t.co/cXcHDGFXYZ,2017-02-17 11:54:14,7,Rep
"Everything but Rush Limbaugh, Breitbart, and the Springfield Shopper is fake media now. https://t.co/LarwIQahQy",2017-02-17 11:54:25,8,Nothing
OUR FUTURE PRESIDENT! 15% of ISLAMS believe we should arm ISIS! @realDonaldTrump TRUMP 2016!!!,2017-02-17 08:47:15,9,Rep
@realDonaldTrump @nytimes @washingtonpost I told U b4. Truth s sacred. It wil com out. God s coming aftr U fast. Say Ur prayrs now.,2017-02-17 08:48:04,15,Rep
@realDonaldTrump sad press doesn't get what real people want. Go President,2017-02-17 11:52:31,8,Rep
@realDonaldTrump @rgrikard I did not know Trump is a soothsayer! Today he is correct and we are just fiddlers on the Titanic.,2017-02-17 11:52:34,8,Rep
@realDonaldTrump They're getting your jacket and room ready for you. Do you prefer cotton or polyester? https://t.co/sFs6Ed10PA,2017-02-17 11:52:53,7,Rep
Does @realDonaldTrump like anything but himself and the poorly educated? I long for when governing wasn't a constan‚Ä¶ https://t.co/xAR2CruFD6,2017-02-17 11:53:14,7,Rep
"@Mike_P_Williams @realDonaldTrump the term ""professional journalists"" and CNN, BUZZFEED, ETC should never be used in the same sentence.",2017-02-17 11:53:28,9,Rep
Does this wikileak-loving president even understand what hypocrisy is and how disgusting it looks? Sad! https://t.co/QGtmtynIan,2017-02-17 11:53:29,9,Nothing
"@realDonaldTrump I'm waiting patiently for that beautiful moment when our gov't looks into your orange face and says YOU'RE FIRED!!!""",2017-02-17 11:53:46,10,Rep
@POTUS hold them accountable 4 dividing our country&amp;causing this violence with fake news When will they report just‚Ä¶ https://t.co/KJMpiy1wKl,2017-02-17 11:54:13,11,Nothing
"@BernieSanders No Bernie, they are not and no matter how many times you say it, it doesn't make it true. The 'evidence' is tenuous at best.",2017-02-17 11:54:18,11,Nothing
Trump's response to the press conference reviews he's received: https://t.co/k8DI1fITkr,2017-02-17 11:54:19,6,Rep
@realDonaldTrump Not one person said anything good about that https://t.co/S1UuxxBMRo ARE OUT OF YOUR MIND!!!,2017-02-17 11:54:25,7,Rep
.@realDonaldTrump I can hear the cuckoo singing in the cuckoo-berry tree.,2017-02-17 11:54:29,7,Rep
@realDonaldTrump tax credits?  How does that help people living paycheck to paycheck?  Making America poor again!,2017-02-17 11:54:41,10,Rep
"@realDonaldTrump 
Ok, who sent him 'nice' comments?  ü§î 
Confession is open.",2017-02-17 11:54:42,6,Rep
@realDonaldTrump  OMG ... CNN does nothing but bash trump 24/7 non stop! They are obsessed with Trump bashing. Fake news,2017-02-17 12:14:36,14,Rep
Why isn't he standing #StrongerTogether with #UnitedBlue? Oh that's right. @HillaryClinton is a racist POS. #MAGA  https://t.co/Z6BOWz6PD2,2016-08-30 14:53:39,5,Dem
"@OhioCoastie @lifebythecreek with respect Math Lesson: 10 voters 5 vote Hillary 4 vote Trump YOU PASS, we all live under #HillaryClinton",2016-08-30 14:53:46,13,Dem
.@Reince Demands Public Release All Communications Between @HillaryClinton... https://t.co/gWzVX8DnXz by @DonaldJTrumpJr via @c0nvey,2016-08-30 14:53:46,5,Dem
"@newsmax And you would expect @HillaryClinton 's Wall Street owners to push a different ""narrative"" (ie. lie)?",2016-08-30 14:53:47,10,Dem
@HillaryClinton here's 5 facts about Hillary.  1. Liar 2. Traitor 3. Scandal conspirator 4. Enabler 5. Legally insane,2016-08-30 14:53:49,15,Dem
"@HillaryClinton competing in ""2016 Hillary VS Trump"" has 14 votes. https://t.co/tUE8Vq5Wjy vote 4ur Celeb to win",2016-08-30 14:53:50,11,Dem
